{
  "title": "TradingView中文开发文档",
  "description": "TradingView为优秀的交易技术分析图表库",
  "language": "zh",
  "plugins": [
    "disqus",
    "github",
    "prism",
    "splitter",
    "sitemap",
    "donate"
  ],
  "pluginsConfig": {
    "disqus": {
      "shortName": "aistock-ga"
    },
    "github": {
      "url": "https://github.com/zlq4863947/tradingViewWikiCn"
    },
    "donate": {
      "wechat": "https://zlq4863947.gitbooks.io/tradingview/content/images/weixin.png",
      "alipay": "https://zlq4863947.gitbooks.io/tradingview/content/images/alipay.png",
      "button": "赏",
      "alipayText": "支付宝打赏",
      "wechatText": "微信打赏"
    },
    "sitemap": {
      "hostname": "http://aistock.ga"
    }
  }
}