[{"symbol":"DEI","full_name":"DEI","description":"Douglas Emmett Inc","exchange":"NYSE","type":"stock"},
  {"symbol":"^GDAXI","full_name":"^GDAXI","description":"DAX","exchange":"XETRA","type":"index"},
  {"symbol":"XINA50","full_name":"XINA50","description":"A50","exchange":"SGX","type":"futures"},
  {"symbol":"AA","full_name":"AA","description":"Alcoa Inc.","exchange":"NYSE","type":"stock"},
  {"symbol":"AAL","full_name":"AAL","description":"American Airlines Group Inc.","exchange":"NasdaqNM","type":"stock"},
  {"symbol":"AAPL","full_name":"AAPL","description":"Apple Inc.","exchange":"NasdaqNM","type":"stock"},
  {"symbol":"ABB","full_name":"ABB","description":"ABB Ltd.","exchange":"NYSE","type":"stock"},
  {"symbol":"ABBV","full_name":"ABBV","description":"AbbVie Inc.","exchange":"NYSE","type":"stock"},
  {"symbol":"ABT","full_name":"ABT","description":"Abbott Laboratories","exchange":"NYSE","type":"stock"},
  {"symbol":"ABX","full_name":"ABX","description":"Barrick Gold Corporation","exchange":"NYSE","type":"stock"},
  {"symbol":"ACHN","full_name":"ACHN","description":"Achillion Pharmaceuticals, Inc.","exchange":"NasdaqNM","type":"stock"},
  {"symbol":"ACI","full_name":"ACI","description":"Arch Coal Inc.","exchange":"NYSE","type":"stock"},
  {"symbol":"ACN","full_name":"ACN","description":"Accenture plc","exchange":"NYSE","type":"stock"},
  {"symbol":"ACT","full_name":"ACT","description":"Actavis plc","exchange":"NYSE","type":"stock"},
  {"symbol":"ADBE","full_name":"ADBE","description":"Adobe Systems Inc.","exchange":"NasdaqNM","type":"stock"},
  {"symbol":"ADSK","full_name":"ADSK","description":"Autodesk, Inc.","exchange":"NasdaqNM","type":"stock"},
  {"symbol":"AEO","full_name":"AEO","description":"American Eagle Outfitters, Inc.","exchange":"NYSE","type":"stock"},
  {"symbol":"AGNC","full_name":"AGNC","description":"American Capital Agency Corp.","exchange":"NasdaqNM","type":"stock"},
  {"symbol":"AIG","full_name":"AIG","description":"American International Group, Inc.","exchange":"NYSE","type":"stock"},
  {"symbol":"AKAM","full_name":"AKAM","description":"Akamai Technologies, Inc.","exchange":"NasdaqNM","type":"stock"},
  {"symbol":"ALU","full_name":"ALU","description":"Alcatel-Lucent","exchange":"NYSE","type":"stock"},
  {"symbol":"ALXN","full_name":"ALXN","description":"Alexion Pharmaceuticals, Inc.","exchange":"NasdaqNM","type":"stock"},
  {"symbol":"AMAT","full_name":"AMAT","description":"Applied Materials, Inc.","exchange":"NasdaqNM","type":"stock"},
  {"symbol":"AMD","full_name":"AMD","description":"Advanced Micro Devices, Inc.","exchange":"NYSE","type":"stock"},
  {"symbol":"AMGN","full_name":"AMGN","description":"Amgen Inc.","exchange":"NasdaqNM","type":"stock"},
  {"symbol":"AMZN","full_name":"AMZN","description":"Amazon.com Inc.","exchange":"NasdaqNM","type":"stock"},
  {"symbol":"ANF","full_name":"ANF","description":"Abercrombie & Fitch Co.","exchange":"NYSE","type":"stock"},
  {"symbol":"ANR","full_name":"ANR","description":"Alpha Natural Resources, Inc.","exchange":"NYSE","type":"stock"},
  {"symbol":"APA","full_name":"APA","description":"Apache Corp.","exchange":"NYSE","type":"stock"},
  {"symbol":"APC","full_name":"APC","description":"Anadarko Petroleum Corporation","exchange":"NYSE","type":"stock"}]
