[{"id":"tsm1",
  "time":1455580800,
  "color":"red",
  "label":"A",
  "tooltip":""},
  {"id":"tsm2",
    "time":1455235200,
    "color":"blue",
    "label":"D",
    "tooltip":["Dividends: $0.56","Date: Fri Feb 12 2016这是测试数据"]},
    {"id":"tsm3",
      "time":1454976000,
      "color":"green",
      "label":"D",
      "tooltip":["Dividends: $3.46","Date: Tue Feb 09 2016"]},
      {"id":"tsm4",
        "time":1454284800,
        "color":"#999999",
        "label":"E",
        "tooltip":["Earnings: $3.44","Estimate: $3.60"]},
        {"id":"tsm7",
          "time":1452988800,
          "color":"red",
          "label":"E",
          "tooltip":["Earnings: $5.40","Estimate: $5.00"]}]
